House_ID,Square_Feet,Bedrooms,Bathrooms,Floors,Year_Built,Neighborhood,Has_Garage,Has_Pool,Condition,Price
1001,2298,2,2,2,1965,Downtown,1,0,Good,497600.0
1002,1917,2,2,1,1996,Urban,1,0,Good,373700.0
1003,2388,3,3,1,2008,Rural,0,1,Good,334300.0
1004,2913,4,4,2,1980,Rural,1,0,Good,383300.0
1005,1859,1,1,1,1953,Suburbs,1,0,Good,261800.0
1006,1859,5,4,3,1986,Suburbs,0,0,Excellent,494400.0
1007,2947,2,2,2,1966,Suburbs,1,0,Fair,370900.0
1008,2460,3,3,1,1988,Urban,1,0,Poor,357200.0
1009,1718,4,3,1,1997,Downtown,1,1,Excellent,623600.0
1010,2325,4,4,1,1995,Rural,1,0,Fair,285100.0
1011,1721,4,4,1,1997,Suburbs,1,0,Excellent,471100.0
1012,1720,4,4,1,1988,Rural,1,0,Good,282900.0
1013,2145,3,3,1,1953,Urban,1,0,Good,429900.0
1014,852,4,4,1,1979,Urban,1,0,Fair,268100.0
1015,965,2,2,2,1979,Suburbs,1,0,Fair,205000.0
1016,1662,4,3,2,1971,Downtown,1,0,Good,484600.0
1017,1392,3,3,2,2015,Suburbs,0,1,Excellent,439200.0
1018,2188,4,3,1,1961,Suburbs,1,0,Excellent,500200.0
1019,1455,3,2,1,1985,Downtown,0,0,Fair,316300.0
1020,1152,3,3,2,1967,Suburbs,1,0,Fair,220700.0
1021,2879,3,3,1,2002,Suburbs,1,0,Fair,455100.0
1022,1864,4,4,1,2020,Suburbs,1,0,Excellent,509900.0
1023,2040,2,2,2,1950,Suburbs,1,0,Good,343100.0
1024,1145,2,2,2,2007,Downtown,1,1,Poor,266300.0
1025,1673,2,1,2,1955,Rural,1,0,Fair,163700.0
1026,2066,2,1,1,2019,Downtown,1,0,Good,481400.0
1027,1309,4,4,2,1993,Suburbs,1,0,Excellent,446400.0
1028,2225,2,2,2,2021,Suburbs,1,0,Good,405600.0
1029,1639,5,4,2,1973,Urban,1,0,Fair,354000.0
1030,1824,3,2,2,1968,Downtown,1,1,Good,490500.0
1031,1638,2,1,2,1967,Suburbs,1,0,Good,296300.0
1032,3111,4,4,2,1979,Suburbs,1,0,Poor,389100.0
1033,1991,3,3,1,1991,Downtown,1,1,Fair,443500.0
1034,1365,3,3,2,1982,Suburbs,1,0,Good,310400.0
1035,2493,3,3,2,2023,Rural,0,0,Fair,258600.0
1036,1267,4,4,2,1961,Rural,1,0,Fair,192200.0
1037,2125,2,2,1,1976,Downtown,1,0,Good,476200.0
1038,824,5,4,1,1988,Downtown,1,0,Good,383200.0
1039,1203,5,4,2,1958,Suburbs,0,0,Good,284000.0
1040,2118,3,3,2,1970,Suburbs,1,0,Good,392400.0
1041,2443,2,2,3,1978,Downtown,0,0,Good,523900.0
1042,2102,3,3,2,1982,Downtown,1,0,Good,519500.0
1043,1930,2,2,2,2011,Rural,1,0,Poor,172700.0
1044,1819,1,1,2,1964,Rural,0,0,Excellent,236500.0
1045,1112,3,2,2,1951,Downtown,1,1,Fair,304500.0
1046,1568,3,3,2,2001,Suburbs,1,0,Good,355800.0
1047,1723,4,4,2,1993,Suburbs,0,0,Good,359100.0
1048,2634,4,4,1,2003,Downtown,0,0,Good,666300.0
1049,2206,4,3,1,1967,Suburbs,1,0,Excellent,483300.0
1050,942,3,3,2,1952,Suburbs,1,0,Good,221600.0
1051,2194,3,3,1,1956,Rural,0,0,Excellent,343600.0
1052,1768,3,3,1,1992,Urban,1,0,Excellent,503100.0
1053,1593,5,4,1,1987,Suburbs,0,0,Excellent,418700.0
1054,2367,1,1,1,1986,Urban,1,0,Excellent,514400.0
1055,2618,4,4,1,2007,Suburbs,1,1,Excellent,676600.0
1056,2558,3,2,1,1982,Suburbs,0,0,Good,433400.0
1057,1496,3,3,3,2008,Suburbs,1,0,Good,350000.0
1058,1814,4,3,2,1960,Downtown,1,1,Fair,378700.0
1059,2198,3,2,1,2017,Downtown,1,1,Good,548700.0
1060,2585,4,4,1,2017,Suburbs,1,1,Excellent,685600.0
1061,1712,5,4,2,1971,Rural,1,1,Good,296100.0
1062,1888,3,3,1,2015,Downtown,0,0,Excellent,598900.0
1063,1336,3,3,2,1993,Suburbs,1,0,Excellent,380700.0
1064,1282,3,3,2,1955,Suburbs,1,0,Fair,227200.0
1065,2487,5,4,2,1991,Urban,0,0,Fair,456400.0
1066,2813,2,2,1,1974,Downtown,1,0,Good,595000.0
1067,1956,3,3,2,2006,Rural,1,0,Fair,229500.0
1068,2602,3,3,1,2004,Rural,1,0,Good,374600.0
1069,2216,4,4,3,1965,Suburbs,0,0,Excellent,506000.0
1070,1612,2,2,2,1963,Urban,1,0,Good,306300.0
1071,2216,4,4,1,1988,Downtown,1,0,Good,562900.0
1072,2922,5,4,1,1977,Suburbs,1,0,Poor,389700.0
1073,1978,2,2,1,2000,Urban,1,1,Good,435000.0
1074,2938,2,1,2,1998,Downtown,1,0,Good,596900.0
1075,600,5,4,1,1958,Suburbs,1,0,Good,223500.0
1076,2493,2,1,2,2007,Suburbs,1,0,Fair,358800.0
1077,2052,4,4,1,1994,Suburbs,0,0,Good,447300.0
1078,1820,3,3,2,1971,Rural,1,1,Good,282900.0
1079,2055,2,2,2,1981,Downtown,1,0,Excellent,587000.0
1080,807,4,4,2,2018,Urban,1,0,Fair,264000.0
1081,1868,3,3,2,2018,Suburbs,1,0,Poor,280200.0
1082,2214,3,2,1,1991,Urban,1,0,Poor,322900.0
1083,2886,3,3,1,2002,Suburbs,1,0,Good,535900.0
1084,1689,3,2,2,2008,Suburbs,1,1,Good,399200.0
1085,1514,2,1,1,2023,Rural,1,0,Good,220300.0
1086,1698,3,2,1,1988,Suburbs,1,0,Good,331600.0
1087,2549,5,4,1,1964,Suburbs,1,0,Good,489800.0
1088,2197,3,3,1,2020,Suburbs,1,1,Good,501400.0
1089,1682,3,3,1,1978,Urban,1,0,Good,363300.0
1090,2307,3,3,2,1952,Suburbs,1,0,Poor,276600.0
1091,2058,4,4,1,1959,Rural,1,0,Good,308700.0
1092,2581,2,2,2,1978,Suburbs,1,0,Good,445900.0
1093,1578,5,4,1,1984,Suburbs,0,0,Excellent,456600.0
1094,1803,3,3,2,1955,Urban,1,0,Good,374800.0
1095,1764,2,2,1,1961,Urban,1,0,Fair,274200.0
1096,1121,2,2,2,1987,Rural,1,0,Fair,144800.0
1097,2177,2,2,2,1968,Rural,1,0,Excellent,343000.0
1098,2156,3,3,1,2016,Suburbs,1,0,Fair,388000.0
1099,2003,3,2,3,1957,Downtown,0,0,Fair,354800.0
1100,1859,4,4,3,1957,Downtown,1,0,Fair,425600.0
1101,1150,3,3,2,1996,Urban,0,0,Good,326600.0
1102,1747,2,2,2,1953,Rural,0,0,Fair,181700.0
1103,1794,3,3,1,2000,Downtown,1,0,Good,491200.0
1104,1518,4,4,2,2016,Downtown,1,0,Good,509300.0
1105,1903,2,2,1,1994,Downtown,1,0,Excellent,539900.0
1106,2242,2,2,1,1957,Urban,1,0,Poor,319400.0
1107,3131,1,1,3,1965,Suburbs,0,0,Good,474500.0
1108,2104,4,4,1,2016,Suburbs,1,1,Good,501000.0
1109,2154,3,3,2,1958,Suburbs,0,1,Good,407500.0
1110,1955,3,3,2,2009,Urban,1,0,Good,454800.0
1111,848,4,4,2,2020,Urban,0,0,Excellent,359300.0
1112,1984,4,4,3,1964,Suburbs,0,0,Fair,365300.0
1113,2036,3,2,1,2020,Downtown,1,1,Excellent,696200.0
1114,3477,4,4,1,1990,Suburbs,1,1,Good,673400.0
1115,1884,2,2,1,1971,Urban,1,1,Fair,339000.0
1116,2180,2,2,1,1973,Rural,0,1,Excellent,339200.0
1117,1979,3,3,1,1993,Downtown,0,1,Good,518900.0
1118,1298,2,2,1,1950,Downtown,0,0,Fair,261800.0
1119,2685,3,3,2,1959,Downtown,1,0,Poor,404300.0
1120,2451,5,4,2,2021,Suburbs,1,0,Fair,449700.0
1121,2474,1,1,1,2005,Urban,0,0,Good,449700.0
1122,1454,2,2,2,1999,Downtown,1,0,Fair,320500.0
1123,2841,3,3,1,1961,Suburbs,0,1,Fair,441800.0
1124,1158,5,4,1,2009,Suburbs,1,1,Poor,264700.0
1125,2352,3,3,2,1975,Downtown,1,0,Good,527900.0
1126,3314,3,3,2,1990,Suburbs,1,0,Excellent,677200.0
1127,1405,1,1,2,1985,Suburbs,1,0,Good,276600.0
1128,1660,2,2,1,1972,Suburbs,1,0,Fair,248500.0
1129,2059,5,4,2,1992,Urban,1,0,Excellent,609100.0
1130,1697,5,4,2,1955,Suburbs,1,0,Good,376500.0
1131,1069,1,1,2,2018,Downtown,1,0,Excellent,366500.0
1132,2041,5,4,2,1992,Rural,1,0,Good,366900.0
1133,1362,3,3,2,1974,Suburbs,1,0,Good,281700.0
1134,2284,4,3,2,1967,Urban,0,0,Good,449300.0
1135,1448,3,3,2,2011,Downtown,1,1,Fair,402500.0
1136,2929,3,2,3,1962,Downtown,0,0,Good,638300.0
1137,1530,3,2,2,1992,Downtown,1,0,Excellent,497300.0
1138,1806,3,3,1,1977,Downtown,1,0,Excellent,557400.0
1139,2488,2,1,2,1967,Suburbs,1,0,Excellent,475700.0
1140,1261,1,1,1,2008,Rural,1,0,Good,193200.0
1141,2136,3,3,1,2009,Suburbs,1,0,Fair,364800.0
1142,2784,4,4,2,2012,Suburbs,1,0,Poor,396700.0
1143,1035,2,2,3,2006,Suburbs,1,0,Good,267900.0
1144,2110,3,3,3,2000,Downtown,1,0,Good,534400.0
1145,2155,5,4,1,2005,Suburbs,1,0,Fair,390400.0
1146,2469,2,2,2,1976,Suburbs,1,0,Fair,357700.0
1147,1257,3,2,1,1981,Urban,1,1,Good,356600.0
1148,1207,3,2,3,1958,Rural,1,0,Good,171800.0
1149,2313,4,4,3,2017,Suburbs,1,0,Excellent,597900.0
1150,2178,2,2,2,1995,Suburbs,1,0,Good,379400.0
1151,2150,3,3,2,2016,Rural,1,0,Good,305800.0
1152,2207,4,4,2,1975,Urban,0,0,Good,490900.0
1153,1591,5,4,2,1957,Suburbs,0,0,Excellent,432100.0
1154,2139,3,3,1,1955,Rural,1,0,Good,286600.0
1155,2175,3,3,1,1973,Downtown,1,0,Excellent,587400.0
1156,1571,3,2,2,1997,Rural,1,1,Excellent,308600.0
1157,3119,4,4,2,1994,Downtown,1,0,Excellent,895300.0
1158,2284,3,3,1,1962,Suburbs,1,0,Good,390400.0
1159,1285,1,1,3,2018,Rural,1,0,Fair,161700.0
1160,2393,5,4,1,1974,Suburbs,1,1,Fair,445700.0
1161,1415,3,3,2,1969,Suburbs,1,0,Fair,235400.0
1162,2472,3,3,2,2015,Suburbs,1,0,Fair,385900.0
1163,2695,2,2,2,2023,Rural,1,0,Fair,280700.0
1164,1507,3,3,2,1994,Urban,1,0,Good,373500.0
1165,2578,3,2,1,1996,Urban,1,0,Good,501800.0
1166,2247,3,2,1,2012,Suburbs,1,0,Good,451200.0
1167,2493,2,2,2,2004,Urban,1,0,Fair,416300.0
1168,3138,3,3,2,1968,Suburbs,1,0,Good,558400.0
1169,1852,5,4,1,1984,Suburbs,1,0,Good,402100.0
1170,1547,1,1,2,2002,Urban,1,0,Good,322100.0
1171,1466,5,4,1,1975,Suburbs,0,1,Excellent,442000.0
1172,1510,3,3,2,1963,Downtown,1,0,Fair,345300.0
1173,1953,4,4,2,1994,Downtown,0,0,Fair,451100.0
1174,2204,4,4,1,1993,Downtown,1,0,Good,568700.0
1175,2166,3,3,1,2014,Rural,1,1,Fair,288100.0
1176,2496,4,3,2,2000,Suburbs,1,1,Good,518700.0
1177,2007,4,3,2,1992,Urban,1,0,Good,447500.0
1178,2872,3,2,2,1972,Suburbs,1,0,Good,496300.0
1179,1841,3,3,2,2005,Suburbs,1,0,Fair,317300.0
1180,3632,3,2,2,1968,Suburbs,0,0,Good,602500.0
1181,2375,4,4,3,2004,Urban,0,0,Good,537700.0
1182,1485,4,3,2,2009,Suburbs,1,1,Good,397300.0
1183,1357,4,4,1,2008,Rural,1,0,Fair,265200.0
1184,2289,3,2,1,1982,Urban,1,0,Fair,382200.0
1185,1865,4,4,1,1968,Suburbs,1,0,Poor,283400.0
1186,2428,2,1,2,1977,Suburbs,0,0,Poor,276700.0
1187,2283,3,2,1,2001,Rural,0,1,Excellent,404400.0
1188,1956,1,1,3,1998,Urban,0,1,Poor,295500.0
1189,1491,3,3,2,1986,Downtown,1,0,Good,426400.0
1190,1091,3,2,2,1975,Suburbs,1,0,Excellent,319100.0
1191,1732,3,3,1,1989,Urban,1,0,Fair,328400.0
1192,2513,3,2,1,1987,Urban,0,0,Good,477100.0
1193,2128,3,3,1,2003,Downtown,1,0,Excellent,677700.0
1194,1252,3,3,1,1971,Rural,1,1,Excellent,280700.0
1195,2103,2,2,1,1965,Rural,1,0,Good,266400.0
1196,2231,3,3,2,1977,Downtown,0,0,Good,507100.0
1197,1469,2,1,2,1984,Rural,1,1,Excellent,283800.0
1198,2092,2,2,2,2009,Downtown,1,0,Good,495400.0
1199,2034,3,3,2,1994,Downtown,0,0,Excellent,589100.0
1200,1314,3,3,1,1995,Downtown,0,0,Good,386300.0
1201,2214,3,3,2,2021,Downtown,1,0,Good,542800.0
1202,2336,3,2,2,2004,Urban,1,0,Excellent,588800.0
1203,2649,3,2,1,1975,Downtown,0,0,Excellent,689200.0
1204,2632,4,4,2,1974,Suburbs,0,0,Good,482100.0
1205,1173,3,2,1,2014,Downtown,1,0,Poor,261600.0
1206,1437,3,2,2,1955,Suburbs,1,0,Good,279200.0
1207,2309,1,1,3,1972,Downtown,1,0,Good,452500.0
1208,2308,3,2,1,2013,Urban,0,0,Good,478400.0
1209,2309,3,3,2,1992,Downtown,1,0,Excellent,671100.0
1210,4311,3,3,2,1972,Rural,1,0,Excellent,602600.0
1211,2342,3,2,3,1979,Urban,1,1,Good,487600.0
1212,2681,3,3,1,1967,Downtown,0,0,Fair,490100.0
1213,2572,3,2,2,1970,Rural,1,0,Good,327100.0
1214,2390,4,3,1,2006,Downtown,1,0,Good,624400.0
1215,1810,4,4,1,1972,Downtown,1,0,Good,486000.0
1216,2455,4,3,1,1994,Downtown,1,0,Good,616100.0
1217,1536,5,4,3,1993,Suburbs,1,0,Good,394700.0
1218,1857,1,1,2,1996,Suburbs,1,0,Good,307000.0
1219,1708,2,2,2,1989,Urban,1,0,Good,374800.0
1220,2049,1,1,3,2000,Suburbs,0,0,Good,375000.0
1221,3388,3,3,1,1991,Urban,1,0,Fair,539600.0
1222,879,4,4,1,1956,Downtown,1,0,Good,317000.0
1223,2411,2,2,1,1999,Urban,1,0,Good,467800.0
1224,1032,5,4,1,1997,Downtown,1,0,Good,421500.0
1225,1716,2,2,1,1955,Downtown,1,0,Fair,333600.0
1226,2653,5,4,1,1958,Downtown,0,0,Excellent,728400.0
1227,2038,3,3,1,2006,Downtown,1,0,Good,519500.0
1228,1353,2,2,1,1980,Suburbs,1,0,Good,283000.0
1229,1570,3,2,1,1970,Urban,0,0,Good,325900.0
1230,2407,3,3,1,1989,Downtown,1,1,Good,593000.0
1231,1561,3,3,3,1994,Urban,0,0,Good,386700.0
1232,2129,3,2,2,1998,Urban,1,0,Excellent,525000.0
1233,2027,4,4,3,1969,Rural,1,1,Good,321700.0
1234,1609,3,2,1,1966,Downtown,1,0,Excellent,476000.0
1235,3286,3,3,1,1977,Suburbs,1,0,Good,541400.0
1236,2380,3,2,2,1990,Rural,1,0,Fair,272500.0
1237,784,4,4,1,2015,Urban,1,0,Fair,275200.0
1238,2111,3,3,1,1974,Suburbs,1,0,Good,392900.0
1239,1602,3,2,1,2007,Downtown,0,1,Good,459500.0
1240,2511,2,1,1,1990,Suburbs,1,1,Good,460400.0
1241,1524,2,1,1,1955,Suburbs,0,0,Excellent,272500.0
1242,1931,3,3,1,1987,Urban,1,0,Good,410100.0
1243,2302,2,1,2,1955,Downtown,1,0,Good,468300.0
1244,2519,3,2,1,1994,Suburbs,0,0,Excellent,528700.0
1245,1279,4,4,1,1963,Suburbs,1,0,Excellent,364000.0
1246,1799,2,1,2,2015,Suburbs,0,0,Good,354400.0
1247,1715,3,2,1,1989,Urban,1,0,Excellent,445500.0
1248,1608,3,3,1,1952,Urban,1,0,Excellent,440900.0
1249,3059,5,4,2,1973,Suburbs,1,0,Good,544000.0
1250,2242,3,3,1,1968,Rural,1,0,Fair,221400.0
1251,1243,4,4,1,1967,Downtown,1,1,Poor,312800.0
1252,2550,3,3,1,2013,Downtown,1,1,Good,646600.0
1253,3273,1,1,1,1984,Suburbs,1,0,Good,488100.0
1254,2619,3,3,2,2011,Downtown,1,0,Excellent,777600.0
1255,1088,5,4,2,1950,Downtown,1,0,Good,361500.0
1256,1709,3,3,1,1974,Downtown,1,0,Good,455000.0
1257,2760,4,3,2,1994,Urban,1,0,Excellent,671100.0
1258,1575,4,3,2,1998,Downtown,0,0,Excellent,548700.0
1259,2266,2,2,1,1965,Urban,0,0,Good,397800.0
1260,2464,2,1,2,1968,Downtown,1,0,Fair,417100.0
1261,1443,3,3,1,1972,Rural,0,1,Good,263400.0
1262,1964,3,3,1,1974,Urban,1,0,Good,431800.0
1263,600,4,4,1,1965,Downtown,0,0,Good,257900.0
1264,1385,5,4,1,2003,Urban,1,0,Good,407200.0
1265,1848,3,2,1,2022,Suburbs,1,0,Excellent,495200.0
1266,1251,2,1,2,1950,Urban,1,1,Good,257700.0
1267,2979,4,4,1,1991,Suburbs,1,0,Good,545100.0
1268,1141,3,3,1,1968,Suburbs,1,0,Good,273600.0
1269,1735,4,4,1,1983,Urban,1,0,Good,457200.0
1270,2078,3,3,2,2004,Suburbs,0,1,Poor,307700.0
1271,2864,3,3,2,1967,Downtown,1,0,Excellent,768900.0
1272,1138,2,2,2,1983,Urban,1,0,Poor,175400.0
1273,2697,3,2,2,1994,Suburbs,1,0,Good,487000.0
1274,2006,3,2,2,1955,Suburbs,1,0,Poor,243900.0
1275,1411,3,3,1,1970,Downtown,1,0,Good,414800.0
1276,2277,2,1,2,2019,Suburbs,1,0,Good,442500.0
1277,2119,4,4,2,1997,Rural,1,0,Good,362100.0
1278,1639,4,4,3,1988,Suburbs,1,0,Fair,312200.0
1279,2041,2,2,2,1980,Suburbs,1,0,Good,366700.0
1280,1768,2,2,1,1959,Urban,0,1,Good,363700.0
1281,2068,1,1,1,1979,Urban,0,1,Good,378200.0
1282,2397,3,3,1,1967,Suburbs,1,0,Fair,368700.0
1283,2951,3,3,2,2009,Suburbs,1,0,Good,555200.0
1284,1257,3,3,1,2022,Rural,1,0,Fair,195400.0
1285,3279,2,2,1,1964,Urban,1,0,Good,551900.0
1286,828,3,2,2,1953,Downtown,1,0,Good,241500.0
1287,1908,3,3,1,2012,Downtown,1,0,Good,497200.0
1288,2352,3,3,2,1989,Suburbs,0,0,Good,446700.0
1289,2168,5,4,1,1958,Downtown,1,0,Excellent,660700.0
1290,1626,2,2,1,1958,Suburbs,1,0,Good,279900.0
1291,1875,3,3,1,1975,Rural,1,0,Fair,236400.0
1292,1704,3,3,2,1953,Downtown,1,0,Good,416900.0
1293,1646,3,3,1,1965,Urban,1,0,Excellent,424900.0
1294,2509,4,3,1,1964,Suburbs,1,0,Good,472300.0
1295,2214,3,2,3,2001,Urban,1,0,Good,454100.0
1296,1584,5,4,1,2018,Urban,1,0,Excellent,510900.0
1297,2539,2,2,2,1954,Downtown,1,1,Excellent,686800.0
1298,2184,2,2,2,1969,Suburbs,1,0,Good,363000.0
1299,2487,4,4,1,1967,Downtown,1,0,Fair,501000.0
1300,2377,3,2,2,1951,Rural,1,0,Excellent,339700.0
1301,1502,3,3,1,1962,Rural,1,0,Fair,191900.0
1302,1663,2,2,2,1953,Suburbs,0,0,Good,277400.0
1303,2448,2,2,1,1991,Suburbs,1,0,Good,444400.0
1304,2366,4,4,2,2023,Suburbs,0,0,Good,520000.0
1305,1987,2,2,1,2010,Urban,0,1,Good,428300.0
1306,2070,3,3,2,1957,Suburbs,1,0,Good,365400.0
1307,2766,2,1,1,2016,Suburbs,1,0,Excellent,568600.0
1308,1645,3,3,1,2012,Suburbs,0,0,Fair,313300.0
1309,2328,2,2,1,1958,Downtown,1,0,Good,487900.0
1310,1878,3,3,1,1960,Urban,1,0,Good,381700.0
1311,1869,2,2,2,1991,Downtown,0,0,Excellent,503200.0
1312,2659,4,4,1,1962,Suburbs,1,0,Fair,384500.0
1313,2495,2,1,3,1985,Downtown,1,0,Poor,356700.0
1314,2488,3,3,3,1962,Downtown,1,0,Fair,494000.0
1315,2783,4,3,2,1961,Suburbs,0,1,Fair,440200.0
1316,2012,3,3,1,1986,Rural,1,0,Excellent,343900.0
1317,2409,3,3,1,2023,Urban,1,0,Good,537100.0
1318,1813,3,2,2,2022,Downtown,0,0,Good,462500.0
1319,2194,3,3,1,2001,Downtown,1,1,Good,589000.0
1320,1921,3,3,1,2020,Rural,1,0,Good,275200.0
1321,2058,5,4,2,1951,Suburbs,1,1,Fair,384600.0
1322,2357,3,3,2,2005,Downtown,1,1,Good,623900.0
1323,1509,3,2,2,2009,Rural,1,1,Good,270100.0
1324,3255,4,4,1,1972,Urban,1,0,Fair,554200.0
1325,1396,3,2,2,1989,Rural,1,1,Good,253800.0
1326,1271,2,1,1,2013,Rural,0,0,Good,177800.0
1327,2694,3,3,1,1972,Rural,1,0,Poor,259600.0
1328,2474,5,4,2,1978,Downtown,1,0,Fair,535100.0
1329,2374,2,2,1,2000,Downtown,1,0,Good,514900.0
1330,2377,3,2,1,2018,Suburbs,0,0,Poor,313000.0
1331,1992,2,2,1,1980,Suburbs,1,0,Excellent,441400.0
1332,1461,3,3,2,1999,Suburbs,1,0,Fair,270500.0
1333,2045,2,2,2,1969,Suburbs,1,0,Good,377100.0
1334,1593,3,3,2,2004,Suburbs,1,0,Excellent,415600.0
1335,2585,4,4,2,1951,Suburbs,1,0,Excellent,559100.0
1336,1911,3,2,1,1974,Downtown,1,0,Excellent,540300.0
1337,1504,3,3,1,1962,Suburbs,1,0,Good,283600.0
1338,1807,4,4,1,2019,Suburbs,0,0,Good,403100.0
1339,2247,5,4,1,2016,Urban,1,0,Good,535900.0
1340,1661,2,2,1,2007,Downtown,1,0,Fair,365700.0
1341,1506,3,2,3,2013,Suburbs,1,0,Poor,193800.0
1342,2146,2,1,1,2018,Urban,0,0,Excellent,520400.0
1343,2146,5,4,1,2008,Suburbs,1,0,Good,491200.0
1344,1695,5,4,1,2009,Downtown,0,0,Good,540800.0
1345,1717,3,3,1,2011,Suburbs,0,0,Excellent,420900.0
1346,2139,4,4,3,1965,Suburbs,1,0,Good,421000.0
1347,1131,3,2,1,2017,Rural,1,0,Good,228800.0
1348,1155,3,3,1,1964,Downtown,1,0,Good,352500.0
1349,1568,2,2,2,2004,Urban,1,0,Fair,323500.0
1350,1871,4,4,1,1984,Downtown,1,0,Good,519100.0
1351,2186,2,1,1,2004,Suburbs,1,0,Excellent,471100.0
1352,2885,4,4,1,1963,Suburbs,0,0,Excellent,589900.0
1353,2514,4,4,2,1998,Suburbs,1,0,Excellent,620600.0
1354,1904,4,4,3,1956,Suburbs,0,0,Good,368500.0
1355,1988,1,1,2,1979,Downtown,1,0,Excellent,502400.0
1356,1398,3,3,1,1998,Suburbs,1,0,Poor,228300.0
1357,1988,3,3,2,1965,Suburbs,0,0,Fair,274100.0
1358,1826,3,3,1,2000,Suburbs,1,0,Good,373000.0
1359,2193,2,1,1,2021,Rural,1,0,Good,304400.0
1360,1503,5,4,1,1991,Suburbs,1,0,Good,380000.0
1361,2311,3,2,1,1966,Suburbs,1,0,Good,413000.0
1362,2919,3,2,2,2012,Downtown,1,0,Fair,581600.0
1363,1934,3,3,2,1994,Suburbs,1,0,Good,381800.0
1364,2241,3,3,3,1956,Urban,1,0,Good,429900.0
1365,2414,3,3,2,1976,Suburbs,0,0,Good,428500.0
1366,1759,3,2,2,1959,Urban,1,0,Fair,314800.0
1367,2134,5,4,1,1983,Suburbs,0,0,Good,442500.0
1368,2007,3,3,1,1985,Urban,1,0,Good,405100.0
1369,2058,5,4,2,1974,Downtown,1,0,Good,555900.0
1370,1536,4,4,1,1955,Rural,1,0,Good,256100.0
1371,2014,2,2,2,1973,Suburbs,1,0,Good,376800.0
1372,2298,5,4,1,1967,Suburbs,0,0,Excellent,548500.0
1373,2870,2,1,1,1955,Suburbs,1,0,Fair,352100.0
1374,2575,4,4,1,1978,Suburbs,1,0,Good,488200.0
1375,3291,3,3,1,1974,Rural,1,1,Good,431200.0
1376,1539,4,4,1,2004,Downtown,1,0,Good,497200.0
1377,2523,4,3,2,1995,Downtown,0,0,Fair,525000.0
1378,2110,4,4,1,1973,Suburbs,0,1,Fair,374500.0
1379,3313,4,3,2,1975,Suburbs,1,0,Good,588800.0
1380,1515,3,3,1,1977,Suburbs,1,0,Excellent,379000.0
1381,1496,2,2,1,1952,Urban,1,0,Good,296900.0
1382,1640,3,3,1,1987,Suburbs,1,0,Good,360400.0
1383,725,2,2,2,2010,Rural,0,0,Excellent,190100.0
1384,1684,3,3,1,2000,Suburbs,1,0,Fair,320400.0
1385,1544,3,3,2,1997,Downtown,1,0,Excellent,535900.0
1386,2090,5,4,1,1970,Urban,1,0,Good,464000.0
1387,2205,3,3,2,2003,Suburbs,0,0,Good,427100.0
1388,3125,4,4,1,2005,Suburbs,1,0,Excellent,695200.0
1389,2570,2,2,2,2008,Suburbs,1,0,Excellent,548500.0
1390,1653,4,4,2,2021,Downtown,1,0,Excellent,609400.0
1391,1460,5,4,3,2000,Suburbs,1,0,Fair,330700.0
1392,2295,3,3,1,1969,Rural,0,1,Excellent,351300.0
1393,1207,3,3,1,2008,Downtown,1,0,Excellent,483400.0
1394,3098,4,4,1,2020,Suburbs,1,0,Good,600600.0
1395,2707,2,2,2,1958,Urban,1,0,Fair,431700.0
1396,1718,3,3,2,1950,Rural,1,0,Fair,199000.0
1397,972,3,3,2,1978,Suburbs,1,0,Excellent,300600.0
1398,2812,2,2,1,2012,Suburbs,1,0,Good,506400.0
1399,1931,3,2,1,2021,Suburbs,1,0,Good,402100.0
1400,2742,2,2,1,2005,Rural,1,0,Good,353800.0
1401,1043,1,1,3,2017,Rural,1,0,Good,187500.0
1402,1640,2,2,2,1984,Downtown,0,0,Good,385200.0
1403,2003,5,4,3,1952,Suburbs,1,1,Good,457900.0
1404,2028,3,2,1,1956,Suburbs,1,0,Excellent,406700.0
1405,1729,5,4,2,1976,Urban,1,0,Good,457600.0
1406,2373,3,2,2,1950,Suburbs,1,0,Good,373300.0
1407,1359,3,3,1,2020,Urban,1,0,Good,392400.0
1408,1914,3,3,2,1993,Rural,0,0,Fair,206700.0
1409,2072,3,2,3,1990,Downtown,1,0,Good,533200.0
1410,2308,2,1,2,1991,Downtown,1,0,Good,508900.0
1411,2426,3,3,2,1982,Suburbs,1,0,Fair,367000.0
1412,1325,2,2,1,1999,Suburbs,1,1,Excellent,407100.0
1413,1079,3,3,1,2012,Downtown,1,0,Good,361800.0
1414,2766,3,3,3,1986,Downtown,1,0,Fair,534100.0
1415,2199,2,1,1,2008,Urban,1,0,Fair,408600.0
1416,1550,2,2,2,1997,Rural,1,0,Good,236000.0
1417,2930,4,4,2,1954,Suburbs,0,0,Excellent,580500.0
1418,2069,3,3,2,1997,Suburbs,0,0,Good,399500.0
1419,2707,2,2,3,1952,Suburbs,1,0,Good,424100.0
1420,2040,5,4,1,1996,Urban,1,0,Good,500300.0
1421,3236,2,2,1,2011,Urban,0,0,Good,588700.0
1422,3053,3,2,1,1963,Suburbs,1,0,Fair,434300.0
1423,1850,5,4,1,2012,Downtown,1,0,Fair,458600.0
1424,2582,2,2,1,2010,Downtown,0,0,Good,568400.0
1425,2387,2,1,1,1980,Downtown,0,0,Fair,424100.0
1426,2821,2,1,2,1966,Suburbs,1,0,Poor,299100.0
1427,1421,3,2,3,1973,Urban,1,0,Excellent,402200.0
1428,2411,2,2,1,1972,Rural,1,0,Fair,241100.0
1429,2635,3,3,1,1999,Suburbs,1,0,Good,493200.0
1430,944,2,2,3,2019,Urban,1,0,Good,277400.0
1431,1290,3,3,1,1976,Rural,1,0,Good,198100.0
1432,776,5,4,1,1964,Suburbs,1,0,Good,262000.0
1433,1838,4,4,1,1999,Suburbs,1,0,Fair,333500.0
1434,2430,3,3,2,1985,Rural,1,1,Good,341800.0
1435,2901,3,2,1,1957,Suburbs,1,0,Good,476400.0
1436,2044,3,3,3,1952,Rural,1,0,Good,248900.0
1437,2977,3,3,1,2011,Rural,1,0,Poor,287700.0
1438,1171,3,2,2,1996,Urban,0,0,Excellent,358600.0
1439,977,2,1,1,2010,Urban,1,0,Fair,229600.0
1440,1966,4,3,1,1981,Urban,0,0,Good,428100.0
1441,2230,3,2,2,1962,Urban,0,0,Good,398200.0
1442,1980,2,2,2,1950,Suburbs,1,0,Poor,232200.0
1443,759,3,2,2,1983,Downtown,1,0,Good,284400.0
1444,1946,3,3,2,2011,Suburbs,0,0,Good,381800.0
1445,1217,4,4,3,2020,Urban,1,0,Excellent,444200.0
1446,2401,4,4,2,1980,Downtown,1,0,Excellent,718900.0
1447,2219,4,4,2,2013,Downtown,1,0,Good,603000.0
1448,1436,1,1,1,1974,Downtown,1,0,Good,319700.0
1449,1691,3,3,1,1987,Urban,0,0,Fair,315400.0
1450,1364,3,2,1,1963,Rural,0,0,Good,196900.0
1451,1962,1,1,2,1957,Rural,0,0,Fair,200600.0
1452,2573,3,3,1,2003,Suburbs,1,0,Good,494500.0
1453,1408,4,3,1,1951,Rural,1,0,Good,221500.0
1454,2302,2,2,2,2005,Urban,1,0,Good,444500.0
1455,1681,3,3,2,2010,Suburbs,1,0,Good,364000.0
1456,1524,2,2,3,1971,Suburbs,1,0,Excellent,360700.0
1457,1935,1,1,1,1984,Downtown,1,1,Good,442900.0
1458,1378,2,2,2,1965,Rural,1,0,Excellent,217200.0
1459,1667,5,4,1,1999,Suburbs,1,1,Good,468400.0
1460,1281,4,4,1,1992,Suburbs,1,0,Good,358700.0
1461,3178,5,4,1,1966,Urban,1,0,Good,630700.0
1462,2021,3,2,1,2007,Suburbs,1,0,Fair,327000.0
1463,1580,2,1,1,1951,Suburbs,1,0,Excellent,330800.0
1464,2128,3,3,2,1953,Suburbs,1,1,Good,403800.0
1465,1932,3,3,1,1988,Downtown,0,0,Excellent,590000.0
1466,1867,4,4,2,1955,Urban,0,0,Good,395900.0
1467,2368,2,2,2,2018,Suburbs,0,0,Excellent,542900.0
1468,2454,3,3,1,2018,Suburbs,1,0,Good,476100.0
1469,1681,2,2,1,1969,Suburbs,1,1,Good,372000.0
1470,1654,3,2,1,2013,Suburbs,1,0,Good,363600.0
1471,1834,4,4,2,1965,Suburbs,1,1,Good,433400.0
1472,618,3,3,1,2000,Urban,1,0,Good,238100.0
1473,1090,3,3,1,1986,Urban,0,1,Fair,251200.0
1474,2820,3,3,1,2022,Urban,1,0,Excellent,666700.0
1475,2986,3,3,2,2018,Rural,0,0,Good,414100.0
1476,1850,4,4,3,1991,Downtown,0,0,Excellent,610500.0
1477,2345,4,3,1,2006,Suburbs,1,0,Excellent,551800.0
1478,2186,5,4,2,2015,Rural,1,0,Good,377600.0
1479,3847,4,4,2,1958,Suburbs,1,1,Excellent,823900.0
1480,2671,3,3,3,2013,Downtown,1,1,Good,702400.0
1481,1923,3,3,2,1971,Suburbs,1,0,Excellent,426800.0
1482,1426,3,3,2,1983,Downtown,1,0,Good,422600.0
1483,1036,3,3,2,2004,Downtown,1,0,Good,367700.0
1484,2122,4,4,2,1978,Rural,1,1,Good,357400.0
1485,1546,1,1,1,1987,Suburbs,1,0,Good,285500.0
1486,1146,5,4,1,1967,Suburbs,1,0,Good,315100.0
1487,1612,3,2,1,2020,Rural,1,0,Good,281700.0
1488,1351,3,2,2,2014,Rural,1,0,Good,246600.0
1489,3012,3,2,2,1950,Suburbs,1,1,Excellent,630600.0
1490,2528,4,4,1,1953,Suburbs,1,0,Good,458800.0
1491,1995,3,2,2,1953,Urban,0,0,Good,370400.0
1492,2887,3,3,1,1976,Urban,1,0,Good,523900.0
1493,2046,2,1,1,1992,Urban,1,1,Good,418900.0
1494,1483,3,2,3,2008,Rural,1,0,Excellent,303100.0
1495,2913,2,1,1,1981,Urban,1,0,Good,520100.0
1496,2323,4,3,1,1982,Suburbs,1,0,Fair,369000.0
1497,1377,3,3,2,1977,Urban,1,0,Good,352600.0
1498,1885,3,3,2,2004,Suburbs,1,0,Good,441000.0
1499,1474,1,1,1,2009,Urban,1,1,Excellent,398400.0
1500,1170,2,2,2,2019,Suburbs,1,0,Good,282500.0
1501,2555,4,4,2,2011,Downtown,1,0,Excellent,786000.0
1502,3145,2,2,1,1983,Suburbs,1,0,Good,513200.0
1503,1160,2,1,1,2005,Suburbs,1,0,Excellent,314600.0
1504,2337,1,1,2,1962,Suburbs,0,0,Poor,233700.0
1505,1609,5,4,1,2005,Suburbs,1,0,Excellent,484400.0
1506,1707,4,3,3,1967,Suburbs,0,0,Excellent,416400.0
1507,1644,3,2,2,2003,Urban,1,0,Excellent,466000.0
1508,1481,3,2,3,1992,Downtown,1,1,Poor,331000.0
1509,2029,3,3,1,1988,Urban,0,0,Fair,361800.0
1510,1501,4,3,3,2010,Urban,1,0,Good,392500.0
1511,2162,3,2,1,1991,Urban,0,0,Poor,313900.0
1512,1969,2,2,1,1967,Suburbs,1,0,Fair,299500.0
1513,1856,2,2,1,1972,Rural,1,0,Fair,204000.0
1514,1455,2,1,1,2003,Suburbs,0,0,Good,292200.0
1515,1653,3,3,2,1979,Downtown,1,0,Good,431800.0
1516,2453,4,4,1,2007,Suburbs,0,0,Poor,337000.0
1517,2300,3,3,1,2017,Downtown,1,0,Fair,472000.0
1518,1413,1,1,2,2016,Rural,1,0,Good,202600.0
1519,2059,2,2,1,2020,Downtown,1,0,Good,487500.0
1520,2450,5,4,2,1967,Urban,0,0,Fair,429600.0
1521,998,3,3,1,1956,Urban,1,0,Good,267400.0
1522,2326,4,4,2,1989,Downtown,1,0,Excellent,697000.0
1523,1602,3,3,2,2019,Suburbs,0,0,Excellent,430700.0
1524,2342,3,3,1,2014,Downtown,0,0,Excellent,695200.0
1525,1542,2,1,1,2017,Suburbs,1,0,Excellent,380100.0
1526,917,2,2,1,1998,Downtown,1,0,Good,290200.0
1527,1023,3,3,2,2001,Rural,1,0,Good,208500.0
1528,2028,4,4,1,1978,Rural,1,0,Good,314000.0
1529,2155,3,3,1,1970,Downtown,1,0,Good,511900.0
1530,1457,3,2,1,1958,Downtown,1,0,Good,357900.0
1531,2383,1,1,1,1996,Urban,1,0,Good,444700.0
1532,1003,5,4,1,1991,Suburbs,0,0,Good,284100.0
1533,1960,4,4,2,2000,Rural,0,0,Poor,224900.0
1534,1273,3,3,1,2005,Suburbs,1,1,Good,350300.0
1535,1608,5,4,1,2000,Suburbs,1,0,Poor,284800.0
1536,2028,3,3,2,2019,Urban,1,0,Good,467300.0
1537,1483,3,3,2,1969,Suburbs,1,1,Poor,209700.0
1538,1769,4,4,1,1976,Rural,1,0,Good,301700.0
1539,2603,4,4,1,1987,Rural,1,0,Fair,325400.0
1540,1653,3,2,1,2021,Downtown,1,0,Excellent,547000.0
1541,2501,2,1,3,2014,Downtown,1,0,Good,576000.0
1542,1322,3,3,1,2003,Rural,1,0,Good,236500.0
1543,2317,5,4,3,1973,Rural,1,1,Good,354800.0
1544,2864,2,2,2,1996,Downtown,1,1,Good,675100.0
1545,600,3,3,2,2020,Urban,1,0,Good,256300.0
1546,1521,3,2,1,2012,Suburbs,1,0,Good,362600.0
1547,2346,3,2,1,2006,Suburbs,0,0,Good,442900.0
1548,1878,3,2,1,2004,Rural,0,0,Excellent,338400.0
1549,2222,5,4,1,2009,Downtown,1,1,Excellent,801400.0
1550,1637,2,2,2,2011,Rural,1,0,Good,255400.0
1551,2051,2,1,3,1979,Downtown,1,1,Fair,415300.0
1552,1906,2,2,2,1971,Suburbs,1,1,Good,357100.0
1553,2700,4,4,2,1978,Downtown,1,0,Good,651100.0
1554,2152,3,3,1,1990,Suburbs,1,0,Good,433100.0
1555,2202,3,3,1,1991,Urban,1,0,Excellent,569600.0
1556,1752,4,4,1,2014,Downtown,1,0,Good,538700.0
1557,1707,4,4,2,1980,Suburbs,1,1,Excellent,459400.0
1558,1740,4,3,3,1979,Suburbs,1,1,Fair,336200.0
1559,2236,5,4,2,1967,Downtown,1,0,Poor,401800.0
1560,1747,3,3,1,1966,Urban,1,1,Good,389600.0
1561,2173,4,4,1,1987,Suburbs,1,0,Excellent,552600.0
1562,3245,3,3,2,1963,Suburbs,1,1,Excellent,650500.0
1563,2522,4,4,1,2005,Suburbs,0,0,Good,512700.0
1564,1804,4,4,2,1971,Suburbs,0,0,Good,395300.0
1565,2720,4,3,2,2016,Downtown,1,1,Good,711100.0
1566,1755,3,3,2,2005,Suburbs,1,0,Excellent,455100.0
1567,777,2,1,1,1968,Suburbs,1,0,Excellent,225200.0
1568,1395,3,3,1,2006,Urban,0,1,Good,370400.0
1569,877,5,4,1,1993,Urban,1,0,Good,337100.0
1570,1789,5,4,1,1984,Suburbs,1,0,Fair,336700.0
1571,2011,1,1,1,1950,Downtown,0,0,Good,357400.0
1572,3005,2,1,2,2001,Downtown,1,0,Good,639200.0
1573,2196,2,2,2,2019,Downtown,1,0,Fair,455000.0
1574,1868,4,4,1,1986,Downtown,1,0,Excellent,597400.0
1575,2497,4,3,1,2014,Suburbs,1,0,Good,523800.0
1576,673,2,1,1,2000,Downtown,1,0,Excellent,284000.0
1577,2141,3,2,1,1950,Downtown,1,0,Good,477900.0
1578,2462,4,4,2,1970,Downtown,1,0,Good,625300.0
1579,1112,4,3,1,2002,Downtown,1,0,Good,397200.0
1580,2686,3,3,1,1965,Downtown,0,0,Fair,513300.0
1581,2203,3,3,1,2010,Downtown,1,0,Good,551800.0
1582,1750,3,3,2,2003,Suburbs,1,0,Good,399100.0
1583,2379,3,3,2,1989,Suburbs,0,0,Fair,359400.0
1584,3362,3,3,1,1975,Downtown,0,1,Good,732600.0
1585,2109,3,3,2,2014,Suburbs,1,0,Fair,347800.0
1586,2148,4,3,2,2023,Suburbs,0,0,Good,457400.0
1587,1724,3,3,3,2013,Downtown,1,0,Poor,350800.0
1588,1490,4,4,1,1992,Downtown,0,0,Good,460100.0
1589,2498,2,2,2,1966,Suburbs,1,1,Good,420200.0
1590,1486,3,2,3,2008,Urban,1,1,Good,400100.0
1591,2042,1,1,3,1972,Downtown,0,0,Excellent,492800.0
1592,1713,2,2,2,1956,Downtown,1,1,Good,428300.0
1593,2287,4,3,2,1993,Rural,1,0,Good,320300.0
1594,2200,5,4,1,2002,Suburbs,1,0,Fair,372500.0
1595,2622,2,2,2,2020,Downtown,1,0,Good,619100.0
1596,1693,3,3,2,1983,Rural,1,0,Excellent,305500.0
1597,1838,4,3,2,1995,Urban,0,0,Good,427300.0
1598,1412,2,2,1,2017,Suburbs,1,0,Fair,267000.0
1599,1733,3,3,2,1965,Suburbs,1,0,Good,345600.0
1600,2226,4,3,2,2020,Downtown,0,0,Good,597800.0
1601,2454,3,3,1,1968,Downtown,1,0,Good,532000.0
1602,1446,2,2,2,1951,Suburbs,1,1,Good,306800.0
1603,2521,3,3,2,1959,Downtown,1,1,Fair,503900.0
1604,2813,4,4,2,1999,Suburbs,1,0,Excellent,677500.0
1605,2248,3,3,1,1961,Rural,1,0,Good,288800.0
1606,3126,1,1,1,2019,Rural,0,0,Fair,300800.0
1607,1535,4,4,3,1971,Downtown,1,0,Good,444400.0
1608,1253,1,1,1,1981,Suburbs,1,0,Fair,205900.0
1609,932,4,4,2,1950,Suburbs,1,0,Poor,172900.0
1610,2897,2,2,1,2003,Rural,1,0,Good,371800.0
1611,2392,5,4,2,2007,Suburbs,1,0,Good,506400.0
1612,1966,3,3,1,2019,Downtown,1,0,Excellent,642500.0
1613,2167,3,3,2,1967,Downtown,1,0,Excellent,646100.0
1614,1324,2,2,1,1955,Suburbs,0,0,Good,243900.0
1615,3467,3,3,1,1994,Suburbs,1,0,Poor,424100.0
1616,2077,4,4,1,1972,Urban,1,0,Good,439700.0
1617,2065,5,4,1,1972,Urban,0,0,Good,486400.0
1618,2435,3,2,3,1975,Suburbs,1,0,Good,446300.0
1619,2288,3,3,3,1956,Suburbs,1,0,Fair,335600.0
1620,2134,4,4,1,1993,Downtown,1,0,Good,587600.0
1621,1525,4,3,2,1976,Rural,1,0,Good,252800.0
1622,2282,3,2,1,1975,Rural,1,0,Good,299000.0
1623,3129,3,3,2,1985,Rural,1,0,Excellent,494100.0
1624,2807,3,3,2,2004,Rural,1,0,Good,369100.0
1625,2955,3,3,3,2013,Downtown,1,0,Fair,579400.0
1626,1693,1,1,1,2006,Downtown,1,0,Good,402100.0
1627,1406,3,2,2,2018,Suburbs,1,0,Good,340300.0
1628,1924,3,3,1,2010,Rural,0,0,Poor,216000.0
1629,2033,4,4,3,1951,Downtown,0,0,Fair,417500.0
1630,2656,2,1,1,2004,Downtown,0,0,Fair,467900.0
1631,984,3,2,2,1987,Urban,1,0,Fair,269100.0
1632,2917,3,2,2,1978,Downtown,1,0,Good,615700.0
1633,1905,3,2,2,1975,Suburbs,1,0,Excellent,433300.0
1634,1743,2,2,1,1984,Urban,1,0,Good,372100.0
1635,1392,3,3,3,2016,Downtown,1,0,Good,452400.0
1636,1007,3,3,1,1978,Downtown,1,0,Good,319400.0
1637,2493,3,3,2,1983,Urban,1,0,Good,471700.0
1638,2043,3,3,1,1990,Suburbs,1,1,Poor,293900.0
1639,1226,3,2,1,1990,Rural,0,0,Good,211400.0
1640,1222,4,4,2,1972,Suburbs,1,0,Good,320000.0
1641,1798,3,2,1,2020,Downtown,1,0,Fair,427500.0
1642,3001,4,4,1,1952,Urban,1,0,Good,586300.0
1643,1844,3,2,1,2007,Suburbs,1,0,Good,400600.0
1644,1098,2,2,1,1981,Downtown,1,0,Good,297100.0
1645,1852,2,2,2,1980,Urban,1,0,Fair,298500.0
1646,1836,3,3,2,1992,Downtown,1,0,Good,488400.0
1647,600,4,4,1,1956,Suburbs,0,0,Good,187600.0
1648,1967,4,3,1,1950,Downtown,0,0,Good,445900.0
1649,1861,4,3,1,2010,Suburbs,0,0,Fair,361800.0
1650,2417,3,3,1,1963,Suburbs,0,0,Good,423300.0
1651,3109,3,3,2,2001,Suburbs,1,0,Fair,472500.0
1652,2675,2,2,2,1955,Urban,1,0,Good,467500.0
1653,1838,3,3,1,1959,Rural,1,0,Good,253400.0
1654,1336,3,2,1,2020,Downtown,1,0,Fair,369700.0
1655,3544,2,1,1,1979,Downtown,1,0,Poor,467800.0
1656,2035,2,2,2,1970,Downtown,0,0,Good,416500.0
1657,2008,3,2,3,2009,Downtown,1,0,Good,500000.0
1658,1985,4,4,1,2023,Urban,1,0,Fair,427200.0
1659,2118,5,4,1,2012,Urban,1,0,Good,551200.0
1660,1913,5,4,2,1991,Urban,0,0,Good,475500.0
1661,1655,3,2,3,2000,Downtown,1,1,Good,488500.0
1662,1671,3,2,1,2013,Suburbs,0,0,Fair,297900.0
1663,1980,3,3,1,2005,Suburbs,0,0,Good,378900.0
1664,1673,4,3,1,1990,Downtown,0,0,Good,468000.0
1665,1572,2,2,2,1981,Suburbs,0,0,Excellent,383400.0
1666,2063,3,3,1,1964,Rural,1,0,Good,276200.0
1667,1847,4,4,1,2011,Suburbs,1,0,Fair,354800.0
1668,2902,3,2,2,1976,Urban,1,0,Good,534100.0
1669,600,3,2,1,1977,Suburbs,1,0,Good,198900.0
1670,2654,3,2,2,2013,Downtown,1,0,Good,628700.0
1671,2747,2,1,1,2008,Suburbs,0,0,Excellent,565500.0
1672,755,3,3,1,2007,Suburbs,1,0,Good,249400.0
1673,1794,3,2,2,1951,Downtown,0,1,Fair,365400.0
1674,1777,1,1,1,1985,Suburbs,1,0,Good,309500.0
1675,1155,1,1,3,2020,Rural,1,1,Poor,135600.0
1676,1533,4,4,2,1962,Suburbs,0,0,Good,357800.0
1677,1333,3,2,1,1964,Suburbs,1,0,Good,287500.0
1678,3051,3,2,2,2009,Rural,1,0,Good,377400.0
1679,2561,3,3,1,1971,Urban,1,0,Good,487000.0
1680,2762,5,4,3,2012,Urban,1,0,Good,625300.0
1681,2433,3,2,1,2023,Downtown,1,0,Good,603900.0
1682,1322,3,3,2,1974,Rural,1,0,Good,219600.0
1683,1685,4,3,1,1997,Downtown,1,0,Good,481200.0
1684,2293,4,3,1,1992,Suburbs,1,0,Good,463100.0
1685,1266,2,2,2,1987,Downtown,1,1,Poor,262600.0
1686,2427,4,4,2,1990,Suburbs,1,0,Fair,421000.0
1687,1855,3,2,1,1994,Suburbs,1,0,Fair,326500.0
1688,1775,3,2,1,1989,Suburbs,0,0,Fair,316900.0
1689,2426,2,2,2,1966,Suburbs,1,0,Good,397000.0
1690,2266,2,1,3,2006,Downtown,1,1,Excellent,661300.0
1691,1783,4,4,1,1951,Suburbs,1,0,Good,347800.0
1692,2695,3,3,1,2011,Rural,0,1,Fair,352600.0
1693,1351,3,2,1,1958,Rural,1,0,Good,168400.0
1694,2369,4,3,2,2017,Downtown,1,0,Good,646700.0
1695,2355,4,4,1,1966,Urban,1,0,Fair,423100.0
1696,1814,2,1,1,1999,Urban,1,0,Excellent,451100.0
1697,2195,3,3,2,1989,Suburbs,1,1,Good,449200.0
1698,1249,2,2,1,2007,Downtown,1,0,Excellent,436400.0
1699,2554,4,4,1,1970,Urban,1,0,Good,537400.0
1700,1889,3,2,1,1967,Rural,0,0,Good,222900.0
1701,1686,5,4,1,2004,Suburbs,1,0,Fair,344100.0
1702,2629,2,2,1,1978,Suburbs,1,0,Good,429400.0
1703,1577,2,2,2,1973,Suburbs,1,0,Fair,260700.0
1704,1154,3,2,1,2023,Downtown,0,1,Excellent,488700.0
1705,1066,3,3,2,1966,Urban,0,0,Good,275300.0
1706,2363,2,1,2,1967,Urban,1,0,Excellent,505300.0
1707,1231,5,4,2,1991,Downtown,1,0,Good,454800.0
1708,3052,2,2,1,1994,Rural,1,0,Excellent,435700.0
1709,750,3,3,1,1966,Suburbs,1,0,Fair,182100.0
1710,3017,4,3,1,2022,Rural,1,0,Good,437200.0
1711,2126,3,2,1,1963,Suburbs,1,0,Good,392600.0
1712,1941,4,4,1,1998,Downtown,1,0,Good,522900.0
1713,1673,2,2,2,1978,Suburbs,1,0,Good,300600.0
1714,2239,3,3,1,1953,Suburbs,1,0,Fair,337300.0
1715,1977,1,1,1,1969,Downtown,1,0,Fair,340900.0
1716,2661,2,2,1,1996,Suburbs,1,0,Excellent,553600.0
1717,2068,5,4,2,1958,Suburbs,1,0,Good,438300.0
1718,2090,2,2,1,1976,Urban,1,1,Fair,372200.0
1719,1781,3,3,2,1964,Downtown,1,0,Good,447500.0
1720,1965,3,3,1,1968,Suburbs,1,0,Excellent,460400.0
1721,2184,3,2,2,2001,Downtown,1,0,Fair,470500.0
1722,973,4,4,2,1975,Urban,1,0,Excellent,321000.0
1723,1191,1,1,1,1975,Downtown,1,0,Excellent,330100.0
1724,2445,3,2,1,1975,Rural,1,1,Excellent,387500.0
1725,2102,5,4,1,1995,Urban,1,0,Excellent,613700.0
1726,1889,3,3,1,1998,Suburbs,0,0,Good,373800.0
1727,2011,5,4,2,2002,Suburbs,1,0,Good,458600.0
1728,2208,2,2,2,1952,Downtown,0,0,Poor,326900.0
1729,1676,3,3,2,2015,Suburbs,1,0,Fair,312700.0
1730,1533,3,3,2,1991,Rural,0,0,Good,243700.0
1731,2117,4,3,1,1968,Rural,1,0,Good,322900.0
1732,1412,5,4,1,1966,Downtown,1,0,Fair,387600.0
1733,2244,3,3,2,1982,Suburbs,1,0,Good,400700.0
1734,978,3,3,1,1998,Urban,1,0,Fair,247300.0
1735,2617,2,2,2,2005,Suburbs,0,1,Excellent,582200.0
1736,2283,3,3,1,2012,Downtown,0,0,Good,574700.0
1737,2153,3,2,1,1952,Downtown,1,0,Good,470800.0
1738,2589,5,4,3,1998,Suburbs,1,0,Good,520700.0
1739,2999,3,3,1,2004,Urban,1,0,Fair,505000.0
1740,2608,3,3,3,1975,Suburbs,0,0,Excellent,530100.0
1741,895,2,2,3,2021,Suburbs,1,0,Good,267500.0
1742,1232,2,1,2,2001,Rural,1,0,Good,220500.0
1743,1625,2,2,2,1956,Suburbs,1,0,Fair,252600.0
1744,2015,3,3,2,1995,Rural,0,0,Good,283600.0
1745,2310,4,4,2,1995,Suburbs,1,0,Poor,346100.0
1746,1564,3,2,1,1965,Downtown,0,0,Good,387700.0
1747,2112,3,3,1,1973,Rural,0,1,Good,298100.0
1748,1546,2,2,2,2010,Suburbs,1,0,Excellent,392000.0
1749,1633,4,3,1,2003,Downtown,1,0,Good,473000.0
1750,1156,4,3,1,2011,Suburbs,0,0,Fair,267600.0
1751,1446,2,2,1,1950,Downtown,1,1,Fair,316900.0
1752,1188,4,4,2,1998,Suburbs,0,0,Good,306200.0
1753,1414,3,3,2,1974,Rural,1,0,Fair,174200.0
1754,2632,2,2,1,1959,Rural,1,0,Poor,196900.0
1755,1430,3,3,3,1965,Rural,0,0,Excellent,260300.0
1756,3579,3,3,2,2007,Downtown,1,0,Poor,554600.0
1757,2295,2,2,2,2021,Suburbs,1,0,Excellent,521700.0
1758,2110,5,4,2,1978,Downtown,0,0,Fair,481300.0
1759,1484,4,4,2,1955,Rural,1,0,Excellent,274600.0
1760,2420,3,2,1,1965,Suburbs,1,0,Good,403500.0
1761,1654,3,3,2,1969,Suburbs,1,0,Good,338800.0
1762,2073,3,3,1,2020,Urban,0,1,Fair,393000.0
1763,3536,3,3,2,1992,Suburbs,0,0,Excellent,707500.0
1764,1942,3,2,3,1975,Suburbs,1,0,Excellent,475300.0
1765,2689,2,2,1,2020,Rural,0,1,Good,345900.0
1766,1578,3,3,1,1982,Rural,0,0,Good,230300.0
1767,1979,4,4,2,1975,Suburbs,1,0,Good,381200.0
1768,3062,3,3,1,1994,Suburbs,1,0,Poor,376600.0
1769,1623,2,2,2,2012,Rural,1,1,Good,296200.0
1770,3087,4,4,1,2016,Downtown,1,0,Excellent,916300.0
1771,2424,2,2,1,2001,Suburbs,1,1,Good,453500.0
1772,1662,3,2,3,2017,Downtown,0,1,Fair,445700.0
1773,2379,2,2,2,1975,Suburbs,1,0,Good,380300.0
1774,2583,3,3,2,1951,Downtown,1,0,Good,569300.0
1775,2373,4,3,1,1963,Suburbs,1,0,Fair,376100.0
1776,1057,3,3,2,1979,Downtown,1,1,Fair,312900.0
1777,1563,2,2,2,1998,Suburbs,1,0,Fair,283200.0
1778,1851,4,4,2,1961,Rural,1,1,Good,281400.0
1779,1955,4,4,2,1993,Urban,1,0,Fair,399400.0
1780,2372,4,3,2,1982,Urban,1,0,Good,502300.0
1781,2106,2,1,1,1962,Suburbs,0,0,Good,321700.0
1782,1198,3,3,1,1975,Downtown,1,1,Good,420900.0
1783,2228,5,4,2,1970,Downtown,1,0,Excellent,696800.0
1784,2366,4,3,1,1977,Rural,1,0,Fair,277800.0
1785,2335,1,1,2,1997,Suburbs,1,0,Good,374900.0
1786,2648,2,1,1,1989,Downtown,1,1,Excellent,713200.0
1787,2500,3,3,2,2015,Urban,1,0,Good,566600.0
1788,2275,5,4,2,2022,Suburbs,0,0,Fair,420300.0
1789,1957,3,2,1,1972,Suburbs,1,0,Excellent,445300.0
1790,1003,3,3,1,1997,Rural,1,0,Excellent,253300.0
1791,2257,2,2,1,1951,Rural,0,0,Good,257800.0
1792,2124,3,3,2,1969,Suburbs,0,0,Good,380000.0
1793,2162,4,4,2,2008,Rural,1,0,Good,346200.0
1794,1233,3,3,1,1995,Urban,0,1,Fair,292100.0
1795,1351,4,4,2,1952,Urban,1,0,Good,333100.0
1796,2631,5,4,1,2004,Downtown,1,0,Good,702800.0
1797,1976,2,2,1,1961,Downtown,0,0,Excellent,502800.0
1798,2408,3,2,3,1989,Suburbs,1,0,Poor,325600.0
1799,2016,3,3,1,2015,Rural,1,0,Good,306600.0
1800,2017,4,4,1,1965,Suburbs,1,0,Fair,328100.0
1801,2562,3,2,1,1983,Downtown,1,0,Good,526600.0
1802,1690,3,3,1,1993,Downtown,1,0,Good,431900.0
1803,2057,4,4,1,1955,Urban,1,0,Fair,351200.0
1804,1722,3,3,1,2013,Downtown,0,0,Good,477300.0
1805,1739,5,4,2,1971,Suburbs,0,0,Good,368800.0
1806,1814,3,2,1,1967,Downtown,0,0,Excellent,474900.0
1807,2133,2,1,2,1961,Downtown,1,1,Good,476500.0
1808,1712,3,3,1,2001,Urban,1,1,Excellent,505400.0
1809,2753,4,4,1,2000,Urban,0,0,Good,581000.0
1810,1463,3,3,2,2020,Suburbs,0,0,Fair,298800.0
1811,1887,4,3,3,1997,Downtown,1,0,Good,526200.0
1812,1736,5,4,1,1968,Urban,1,0,Good,388500.0
1813,2868,3,3,2,1955,Downtown,1,1,Good,650500.0
1814,2117,5,4,2,1976,Suburbs,1,0,Good,446800.0
1815,2619,2,2,2,2002,Rural,1,1,Good,337600.0
1816,1108,2,2,2,1997,Downtown,0,1,Good,317300.0
1817,2160,2,1,1,1956,Rural,1,0,Fair,213200.0
1818,2533,4,4,1,2008,Downtown,1,0,Good,671700.0
1819,2049,3,3,2,2018,Suburbs,1,0,Good,391700.0
1820,2639,2,1,1,1960,Suburbs,1,1,Good,429400.0
1821,1689,3,2,3,1964,Rural,1,0,Good,236300.0
1822,2845,3,3,1,2013,Suburbs,1,0,Good,548000.0
1823,3379,2,2,1,1952,Suburbs,1,0,Good,513500.0
1824,1782,4,4,2,2018,Rural,1,0,Good,338000.0
1825,1732,4,4,1,1972,Suburbs,1,0,Good,350900.0
1826,2872,3,3,2,2002,Suburbs,1,0,Good,494700.0
1827,2947,5,4,2,1986,Suburbs,1,0,Good,582200.0
1828,1686,3,3,3,1958,Urban,0,0,Good,312400.0
1829,1747,5,4,2,1964,Downtown,1,0,Excellent,601400.0
1830,1830,3,3,2,1952,Downtown,0,0,Good,418700.0
1831,1193,3,3,2,2019,Suburbs,1,0,Good,304800.0
1832,1448,2,2,3,1966,Suburbs,0,1,Good,285700.0
1833,1397,4,3,1,1975,Rural,0,0,Good,207600.0
1834,1539,3,2,1,1970,Rural,1,0,Good,219000.0
1835,1979,2,1,1,2021,Urban,1,0,Good,415800.0
1836,2140,1,1,1,1970,Urban,1,0,Good,365500.0
1837,2930,3,2,2,1960,Urban,0,0,Fair,428400.0
1838,1400,3,3,2,1987,Downtown,1,0,Excellent,488700.0
1839,2590,4,4,2,2021,Urban,1,0,Good,607600.0
1840,1871,4,4,1,1984,Downtown,1,0,Good,513600.0
1841,1970,2,1,2,1963,Suburbs,0,0,Good,330000.0
1842,2404,4,3,1,1963,Urban,1,0,Poor,325600.0
1843,1326,2,2,2,1959,Suburbs,1,0,Poor,157300.0
1844,2229,4,4,2,1961,Rural,1,0,Good,322200.0
1845,2099,4,4,1,1987,Downtown,1,0,Good,555800.0
1846,2295,3,2,1,1983,Suburbs,1,1,Excellent,552600.0
1847,2173,4,4,1,1990,Downtown,1,0,Good,594900.0
1848,3473,3,3,2,1959,Suburbs,1,1,Good,606500.0
1849,1617,3,3,3,1966,Urban,0,0,Good,357700.0
1850,1681,4,4,2,1966,Suburbs,1,1,Fair,282900.0
1851,1626,3,2,1,2016,Suburbs,1,0,Fair,312300.0
1852,1666,3,3,1,2011,Downtown,1,1,Good,523600.0
1853,1617,3,2,2,1950,Downtown,1,0,Excellent,439600.0
1854,2713,4,4,2,1961,Suburbs,1,0,Good,497700.0
1855,2852,3,3,1,1953,Rural,1,0,Good,332900.0
1856,1657,2,2,1,1991,Downtown,1,0,Excellent,512100.0
1857,1500,4,3,2,1962,Urban,1,0,Fair,287200.0
1858,2282,4,4,1,1953,Rural,1,0,Good,303500.0
1859,1668,2,2,1,2018,Suburbs,0,0,Good,332500.0
1860,2379,2,2,1,1968,Urban,1,0,Good,470400.0
1861,2121,2,1,2,1951,Urban,0,0,Good,371900.0
1862,1090,3,3,2,1961,Suburbs,1,0,Good,277800.0
1863,2928,3,2,3,2023,Suburbs,1,0,Good,510400.0
1864,3077,4,4,2,1955,Downtown,1,0,Fair,565500.0
1865,1632,3,3,2,1957,Rural,0,0,Good,246000.0
1866,1767,3,3,1,2000,Rural,1,0,Fair,206900.0
1867,2171,3,3,2,1960,Urban,1,0,Excellent,507600.0
1868,2200,4,4,1,2012,Downtown,1,0,Good,635100.0
1869,2395,3,3,2,2006,Suburbs,1,1,Excellent,577200.0
1870,3206,5,4,1,1961,Downtown,1,0,Good,709800.0
1871,1893,3,2,1,2022,Downtown,1,0,Fair,433600.0
1872,1521,2,2,1,1951,Suburbs,1,1,Poor,183000.0
1873,1172,3,2,1,1957,Rural,0,0,Good,190800.0
1874,1561,3,3,1,1960,Rural,1,0,Fair,181300.0
1875,1980,3,3,1,2002,Urban,1,0,Good,427800.0
1876,3076,2,2,3,1959,Downtown,1,0,Poor,432000.0
1877,1689,2,2,1,1957,Suburbs,0,0,Good,282400.0
1878,2134,4,4,2,1985,Suburbs,0,0,Good,435100.0
1879,1990,2,2,2,1963,Urban,0,0,Good,371700.0
1880,2713,4,4,3,2003,Urban,1,0,Good,579900.0
1881,3516,3,3,2,1970,Suburbs,0,0,Good,553400.0
1882,1681,3,2,2,1999,Suburbs,1,1,Excellent,466300.0
1883,1706,3,2,1,1988,Downtown,1,0,Fair,363400.0
1884,2626,3,3,1,1969,Suburbs,1,0,Good,450400.0
1885,2409,3,3,1,1956,Suburbs,1,0,Good,425500.0
1886,3108,2,2,2,1958,Downtown,0,1,Good,612800.0
1887,2350,1,1,2,1950,Suburbs,1,0,Good,356800.0
1888,1784,3,3,1,1975,Rural,1,0,Good,263000.0
1889,2354,3,3,1,1987,Suburbs,0,0,Good,449200.0
1890,2665,5,4,2,1987,Downtown,0,0,Good,653900.0
1891,2492,4,4,1,2010,Downtown,1,0,Excellent,801100.0
1892,2304,4,4,2,1993,Suburbs,1,0,Excellent,574100.0
1893,2640,4,3,2,1993,Suburbs,0,1,Good,519000.0
1894,2701,3,2,2,2023,Suburbs,1,0,Fair,458800.0
1895,2829,3,3,2,2011,Suburbs,1,0,Excellent,634100.0
1896,2389,5,4,2,1955,Suburbs,1,0,Excellent,551500.0
1897,1899,3,2,1,1966,Urban,1,0,Good,385500.0
1898,2088,3,3,2,2000,Suburbs,0,0,Good,400600.0
1899,2723,2,2,2,1987,Urban,1,0,Excellent,610900.0
1900,1509,3,3,1,1973,Suburbs,1,0,Good,339300.0
1901,2221,3,2,1,2000,Downtown,1,0,Good,539600.0
1902,1763,4,3,1,1959,Suburbs,1,0,Good,358600.0
1903,2017,3,3,1,2021,Suburbs,1,1,Excellent,559600.0
1904,2767,3,3,2,1970,Rural,1,0,Excellent,439300.0
1905,2114,5,4,2,2019,Urban,1,0,Good,523500.0
1906,2027,2,2,1,2006,Rural,1,0,Good,284200.0
1907,1184,3,3,1,1988,Rural,1,0,Fair,191200.0
1908,2447,1,1,3,1982,Suburbs,1,1,Excellent,508200.0
1909,2387,4,4,1,2008,Suburbs,1,0,Good,468000.0
1910,3297,5,4,1,1967,Suburbs,1,0,Excellent,730500.0
1911,1815,3,2,2,2005,Rural,0,0,Good,272500.0
1912,2131,4,3,2,2006,Urban,1,0,Excellent,594300.0
1913,2149,3,3,1,1997,Downtown,1,1,Good,558200.0
1914,2946,5,4,1,1991,Urban,1,0,Good,625500.0
1915,1942,4,4,1,1976,Downtown,0,1,Fair,473000.0
1916,2167,4,4,2,2023,Suburbs,1,0,Good,466900.0
1917,2364,1,1,2,2001,Downtown,0,0,Excellent,581200.0
1918,2111,5,4,1,1991,Urban,1,0,Good,515900.0
1919,1732,4,4,2,1981,Rural,0,0,Good,262500.0
1920,2116,3,3,2,1975,Suburbs,0,0,Poor,270200.0
1921,2644,4,4,1,1974,Downtown,1,0,Excellent,748000.0
1922,1384,3,3,1,1972,Suburbs,1,0,Good,329400.0
1923,2079,4,3,2,2006,Urban,1,0,Good,488100.0
1924,1579,2,1,1,2001,Suburbs,1,0,Good,306700.0
1925,2717,4,4,1,1980,Suburbs,1,0,Good,508200.0
1926,1086,3,3,2,2013,Downtown,1,0,Good,362000.0
1927,1664,2,2,2,2020,Suburbs,1,0,Good,350000.0
1928,2226,2,2,2,1982,Suburbs,1,0,Good,402400.0
1929,2939,1,1,2,1951,Urban,1,0,Excellent,550100.0
1930,1960,3,2,2,1967,Downtown,1,0,Excellent,552300.0
1931,1666,3,3,1,1996,Urban,1,0,Poor,269800.0
1932,3128,3,3,2,1982,Downtown,0,0,Good,695400.0
1933,1131,3,3,1,1984,Suburbs,1,0,Poor,186000.0
1934,680,3,3,1,2000,Suburbs,0,0,Fair,201100.0
1935,2264,4,4,2,1967,Urban,1,0,Good,504800.0
1936,1698,1,1,2,2021,Rural,1,1,Excellent,304000.0
1937,1387,5,4,1,1979,Rural,1,0,Fair,210600.0
1938,2425,4,4,3,1993,Suburbs,1,0,Good,501600.0
1939,2146,3,3,1,2002,Suburbs,0,0,Excellent,475000.0
1940,1661,3,3,1,1959,Urban,1,0,Excellent,434900.0
1941,1231,4,4,1,2001,Urban,1,1,Good,374200.0
1942,2523,2,1,2,1998,Downtown,0,0,Good,554800.0
1943,2390,2,2,2,1960,Urban,1,0,Good,426800.0
1944,1940,2,2,1,2015,Suburbs,0,0,Fair,315400.0
1945,3107,4,4,2,2007,Downtown,0,0,Fair,615600.0
1946,1357,1,1,1,1985,Suburbs,1,0,Fair,189300.0
1947,1084,3,3,2,1982,Suburbs,1,0,Good,290300.0
1948,1584,5,4,1,1996,Suburbs,1,0,Excellent,472500.0
1949,1972,4,3,1,1962,Downtown,1,0,Good,541300.0
1950,2146,3,3,3,1989,Downtown,1,0,Good,519500.0
1951,1855,2,2,1,2017,Downtown,0,0,Good,452600.0
1952,2211,4,4,1,1991,Suburbs,1,0,Good,444300.0
1953,1249,3,2,2,1968,Urban,1,1,Good,319300.0
1954,2866,2,2,3,1968,Suburbs,1,0,Excellent,581100.0
1955,1950,2,2,1,2007,Downtown,1,1,Fair,453800.0
1956,2670,5,4,1,1972,Downtown,1,0,Poor,439000.0
1957,2205,3,3,1,2003,Rural,0,0,Good,328500.0
1958,2274,4,4,2,2014,Suburbs,1,0,Good,496500.0
1959,2341,4,4,1,1961,Suburbs,1,0,Good,455700.0
1960,2268,3,3,2,1973,Downtown,1,0,Good,523900.0
1961,2385,3,3,3,1983,Urban,1,0,Good,475200.0
1962,2797,3,3,1,2002,Suburbs,1,0,Good,517100.0
1963,2117,3,3,1,1957,Downtown,0,0,Good,468600.0
1964,2425,3,2,1,1967,Downtown,1,0,Good,556700.0
1965,1946,4,4,1,2006,Suburbs,0,0,Excellent,501000.0
1966,2864,3,3,2,1954,Urban,1,1,Excellent,637300.0
1967,1594,4,4,1,1975,Rural,1,0,Excellent,296600.0
1968,3080,3,3,1,1979,Suburbs,0,1,Good,530100.0
1969,1975,3,2,2,2003,Urban,1,0,Good,426100.0
1970,1141,3,3,1,1962,Downtown,1,0,Good,335800.0
1971,2076,3,3,2,1978,Suburbs,1,1,Excellent,512300.0
1972,1591,4,4,1,1952,Urban,0,0,Fair,313400.0
1973,2504,2,2,2,2007,Downtown,0,0,Good,556300.0
1974,1608,3,3,3,1951,Rural,1,0,Good,224600.0
1975,1732,2,2,2,1977,Downtown,1,0,Good,437100.0
1976,866,3,3,3,1951,Suburbs,0,0,Good,222400.0
1977,1728,3,2,1,1956,Suburbs,1,1,Good,353900.0
1978,600,3,3,1,1975,Suburbs,0,0,Good,204100.0
1979,1049,5,4,2,1965,Urban,1,0,Good,296200.0
1980,2456,3,2,2,1972,Downtown,0,0,Good,521500.0
1981,2471,4,3,1,1989,Urban,1,0,Good,514000.0
1982,2255,3,3,1,2009,Suburbs,0,0,Excellent,514300.0
1983,1419,3,3,1,2022,Suburbs,1,0,Good,327600.0
1984,1971,2,1,1,1981,Rural,1,0,Good,257000.0
1985,1997,3,3,1,1964,Urban,1,1,Poor,328900.0
1986,1304,3,3,2,1962,Downtown,1,0,Fair,305700.0
1987,2902,3,2,1,1954,Urban,1,0,Good,526300.0
1988,2526,1,1,1,2023,Downtown,1,1,Good,592300.0
1989,1867,2,2,2,2001,Downtown,0,0,Good,439800.0
1990,2016,3,3,2,1990,Suburbs,1,0,Fair,355000.0
1991,2125,5,4,2,2002,Rural,1,0,Excellent,391000.0
1992,774,3,2,2,1999,Downtown,1,0,Good,267600.0
1993,1851,3,2,1,1964,Urban,1,0,Fair,296900.0
1994,1590,2,2,2,1956,Downtown,1,0,Good,376200.0
1995,1399,3,3,2,1989,Urban,1,0,Excellent,419000.0
1996,1831,3,2,1,1977,Suburbs,0,1,Good,374500.0
1997,3078,2,2,2,1981,Urban,1,0,Good,574900.0
1998,2384,3,3,3,1964,Downtown,1,0,Good,526100.0
1999,1657,1,1,1,2019,Urban,1,0,Fair,314900.0
2000,2343,1,1,1,2014,Rural,1,1,Good,309500.0
